species,c1,c2,label
E. coli,-0.8001101613044739,-0.6248213648796082,prediction
P. aeruginosa,-0.44590508937835693,0.4776875972747803,prediction
P. aeruginosa,-0.8934652805328369,0.6487712264060974,prediction
Ent. faecalis,0.9079046249389648,-0.23210209608078003,prediction
E. coli,-0.42596203088760376,-0.2611958086490631,prediction
P. aeruginosa,-0.6821075677871704,0.4575795531272888,prediction
P. aeruginosa,-0.7051577568054199,0.6704632043838501,prediction
S. aureus,0.5385229587554932,-0.09428596496582031,prediction
E. coli,-1.0956060886383057,-0.6003161072731018,prediction
E. coli,-0.6891226768493652,-0.24370712041854858,prediction
Ent. faecalis,0.9915889501571655,-0.04236235469579697,prediction
S. aureus,1.3693242073059082,0.042807817459106445,prediction
Ent. faecalis,0.6457379460334778,-0.34754377603530884,prediction
S. aureus,0.8637566566467285,0.07299957424402237,prediction
P. aeruginosa,-0.7898394465446472,0.7056346535682678,prediction
E. coli,-0.18740689754486084,-0.6207075119018555,prediction
S. aureus,1.7070504426956177,-0.3963119387626648,prediction
P. aeruginosa,-0.7125295400619507,0.48964983224868774,prediction
Ent. faecalis,0.3315298557281494,0.047806233167648315,prediction
Ent. faecalis,1.4174089431762695,-0.264521986246109,prediction
Ent. faecalis,0.8339619636535645,-0.16851185262203217,prediction
S. aureus,1.304680585861206,-0.012103945016860962,prediction
E. coli,-0.6671094298362732,-0.49797728657722473,prediction
P. aeruginosa,-0.0324876606464386,1.0122449398040771,prediction
Ent. faecalis,1.0751813650131226,-0.04212835431098938,prediction
E. coli,-0.8095295429229736,-0.5009459257125854,prediction
E. coli,-0.7003601789474487,-0.23266248404979706,prediction
E. coli,-0.8775564432144165,-0.36256128549575806,prediction
S. aureus,1.1341354846954346,-0.34341633319854736,prediction
S. aureus,1.112648606300354,-0.19495773315429688,prediction
S. aureus,1.2637056112289429,0.04797631502151489,prediction
E. coli,-1.0791937112808228,-0.3003474771976471,prediction
S. aureus,1.594750165939331,0.08287486433982849,prediction
P. aeruginosa,-0.8150558471679688,0.02807632088661194,prediction
E. coli,-0.6294458508491516,-0.37851962447166443,prediction
S. aureus,1.2936264276504517,0.04906097799539566,prediction
E. coli,-0.9083507061004639,-0.37083494663238525,prediction
S. aureus,1.4840725660324097,-0.34804874658584595,prediction
P. aeruginosa,-0.4054103493690491,0.780265212059021,prediction
P. aeruginosa,-0.5774951577186584,0.46146830916404724,prediction
S. aureus,1.0234802961349487,-0.24433983862400055,prediction
E. coli,-0.910043478012085,0.09283119440078735,prediction
P. aeruginosa,-0.7146736979484558,0.7400728464126587,prediction
P. aeruginosa,-0.30086642503738403,0.5636773705482483,prediction
S. aureus,1.7039000988006592,0.06687247008085251,prediction
P. aeruginosa,-0.2044692486524582,-0.2878212034702301,prediction
E. coli,-1.2505316734313965,-0.5213057994842529,prediction
S. aureus,1.6089626550674438,-0.28574758768081665,prediction
Ent. faecalis,0.7648096084594727,-0.15363460779190063,prediction
Ent. faecalis,0.8058353662490845,-0.16421982645988464,prediction
S. aureus,1.28299880027771,-0.3453497588634491,prediction
E. coli,-1.3901032209396362,0.011808961629867554,prediction
Ent. faecalis,0.9663510322570801,-0.08181682229042053,prediction
S. aureus,1.256582498550415,-0.030189573764801025,prediction
Ent. faecalis,0.9671900272369385,0.18469589948654175,prediction
P. aeruginosa,-0.2366848587989807,0.5979042053222656,prediction
E. coli,-0.7855992317199707,-0.3733689486980438,prediction
S. aureus,1.289424180984497,-0.3172987699508667,prediction
S. aureus,0.7991620898246765,-0.21847230195999146,prediction
E. coli,-0.905402421951294,-0.15638431906700134,prediction
Ent. faecalis,0.6738117933273315,-0.31471535563468933,prediction
S. aureus,1.3317675590515137,-0.30469369888305664,prediction
E. coli,-1.1054567098617554,-0.6156246662139893,prediction
S. aureus,1.4161628484725952,0.16855616867542267,prediction
E. coli,-0.38255950808525085,-1.88759446144104,truth
P. aeruginosa,-0.4553242623806,0.42423340678215027,truth
P. aeruginosa,-0.5885465145111084,0.5814791321754456,truth
Ent. faecalis,0.5302351713180542,0.07258015871047974,truth
E. coli,-1.387995958328247,-0.5614734888076782,truth
P. aeruginosa,-0.4415952265262604,0.5515453815460205,truth
P. aeruginosa,-0.34225204586982727,0.7555553317070007,truth
S. aureus,1.5217281579971313,-0.23733291029930115,truth
E. coli,-1.3503941297531128,-0.1997801512479782,truth
E. coli,-1.1822080612182617,-1.5427587032318115,truth
Ent. faecalis,0.8379302620887756,-0.19228708744049072,truth
S. aureus,1.5045474767684937,-0.1426430642604828,truth
Ent. faecalis,0.753297746181488,-0.37434619665145874,truth
S. aureus,1.6028733253479004,-0.38273996114730835,truth
P. aeruginosa,-0.5357378125190735,0.5772650241851807,truth
E. coli,-1.254070520401001,-0.48099035024642944,truth
S. aureus,1.522356629371643,0.670120894908905,truth
P. aeruginosa,-0.609485387802124,0.6291903257369995,truth
Ent. faecalis,0.8378304839134216,-0.1623331755399704,truth
Ent. faecalis,0.5257248282432556,0.2586202025413513,truth
Ent. faecalis,0.7817553877830505,-0.18111182749271393,truth
S. aureus,1.4708397388458252,-0.3287757635116577,truth
E. coli,-1.2111660242080688,-0.7445616126060486,truth
P. aeruginosa,-0.164072185754776,0.25714030861854553,truth
Ent. faecalis,0.8694718480110168,-0.2388593852519989,truth
E. coli,-1.1716538667678833,-0.705551028251648,truth
E. coli,-1.4855202436447144,-0.06449070572853088,truth
E. coli,-0.556509792804718,-0.602081835269928,truth
S. aureus,1.3423166275024414,0.3506886661052704,truth
S. aureus,1.5494362115859985,-0.10508611798286438,truth
S. aureus,1.5536589622497559,-0.5337798595428467,truth
E. coli,-0.5520091652870178,-0.7416029572486877,truth
S. aureus,1.5369153022766113,-0.034712135791778564,truth
P. aeruginosa,-0.4625685513019562,0.7906123399734497,truth
E. coli,-0.8506252765655518,-1.3716709613800049,truth
S. aureus,1.6097087860107422,0.3840540051460266,truth
E. coli,-1.0642307996749878,-0.6846914291381836,truth
S. aureus,1.6068922281265259,-0.419865220785141,truth
P. aeruginosa,-0.49232038855552673,0.7350661158561707,truth
P. aeruginosa,-0.44697585701942444,0.5124435424804688,truth
S. aureus,1.6349395513534546,-0.5585840344429016,truth
E. coli,-1.271569013595581,-0.0004995763301849365,truth
P. aeruginosa,-0.44155174493789673,0.862957239151001,truth
P. aeruginosa,-0.49104785919189453,0.6490296125411987,truth
S. aureus,1.5033472776412964,-0.9602658152580261,truth
P. aeruginosa,-0.48767292499542236,0.7064551115036011,truth
E. coli,-0.7039617896080017,-0.9941107630729675,truth
S. aureus,1.5256178379058838,-0.3190392255783081,truth
Ent. faecalis,0.762687623500824,0.3477403521537781,truth
Ent. faecalis,0.8353817462921143,-0.14725326001644135,truth
S. aureus,1.4594610929489136,-0.2738724946975708,truth
E. coli,-0.8156415820121765,-0.637004017829895,truth
Ent. faecalis,0.9207106828689575,0.025420576333999634,truth
S. aureus,1.4605739116668701,0.6563065052032471,truth
Ent. faecalis,0.5573153495788574,0.44266170263290405,truth
P. aeruginosa,-0.3608543574810028,0.44250956177711487,truth
E. coli,-1.343120813369751,0.0018783211708068848,truth
S. aureus,1.5775994062423706,-0.3209288716316223,truth
S. aureus,1.542075276374817,0.16674751043319702,truth
E. coli,-1.275282382965088,-0.0876283049583435,truth
Ent. faecalis,0.9408982992172241,-0.09946028143167496,truth
S. aureus,1.2780464887619019,1.0368003845214844,truth
E. coli,-0.7267651557922363,-0.09265092015266418,truth
S. aureus,1.4887151718139648,-0.32676979899406433,truth
Ent. faecalis,0.6259961724281311,-0.10165401548147202,prediction
P. aeruginosa,-0.8507772088050842,0.6905156970024109,prediction
Ent. faecalis,1.1617558002471924,-0.14420317113399506,prediction
S. aureus,1.8216290473937988,0.10705870389938354,prediction
S. aureus,0.6812343597412109,0.07610897719860077,prediction
S. aureus,1.0481417179107666,-0.12061482667922974,prediction
P. aeruginosa,-0.6271611452102661,-0.12317883968353271,prediction
P. aeruginosa,-0.726125955581665,0.4945732057094574,prediction
E. coli,-0.885566771030426,-0.2607031464576721,prediction
E. coli,-1.202873945236206,-0.41561853885650635,prediction
P. aeruginosa,-0.6970821619033813,0.6709507703781128,prediction
E. coli,-0.41208210587501526,-0.5061591267585754,prediction
E. coli,-0.8059473037719727,-0.39948809146881104,prediction
E. coli,-0.7639524936676025,-0.10821671783924103,prediction
P. aeruginosa,-0.7307275533676147,0.509147047996521,prediction
P. aeruginosa,-0.7883360385894775,0.8772995471954346,prediction
S. aureus,1.3492546081542969,-0.2691056728363037,prediction
P. aeruginosa,-0.281283438205719,0.5529204607009888,prediction
S. aureus,0.3395851254463196,-0.11508913338184357,prediction
P. aeruginosa,-0.5606192946434021,0.24634651839733124,prediction
Ent. faecalis,1.0917835235595703,0.0778360366821289,prediction
S. aureus,1.2477768659591675,0.11506082117557526,prediction
E. coli,-0.7422704696655273,-0.5096212029457092,prediction
P. aeruginosa,-0.6442773342132568,0.572576642036438,prediction
S. aureus,0.5337628126144409,0.01330190896987915,prediction
P. aeruginosa,-0.5248823165893555,0.3842328190803528,prediction
P. aeruginosa,-0.6462252140045166,0.8083193302154541,prediction
S. aureus,1.3541699647903442,0.04950110614299774,prediction
P. aeruginosa,-0.8755030632019043,0.6818156242370605,prediction
S. aureus,1.1663260459899902,0.12272727489471436,prediction
E. coli,-0.8603442907333374,-0.2207360565662384,prediction
P. aeruginosa,-0.7261661887168884,0.9407024383544922,prediction
E. coli,-0.7632315158843994,-0.45282942056655884,prediction
P. aeruginosa,-0.728824257850647,0.7371076345443726,prediction
P. aeruginosa,-0.48858892917633057,0.7806060314178467,prediction
S. aureus,0.4364381730556488,-0.0726768970489502,prediction
P. aeruginosa,-0.6765274405479431,0.26499152183532715,prediction
E. coli,-0.8045072555541992,0.10892528295516968,prediction
P. aeruginosa,-0.7685424089431763,0.48315128684043884,prediction
S. aureus,1.275495171546936,-0.2475467026233673,prediction
E. coli,-1.00394868850708,-0.21093711256980896,prediction
P. aeruginosa,-1.3355227708816528,0.12423021346330643,prediction
P. aeruginosa,-0.628600001335144,0.26759177446365356,prediction
Ent. faecalis,0.8481266498565674,-0.11583904922008514,prediction
P. aeruginosa,-0.8548779487609863,0.39585429430007935,prediction
Ent. faecalis,1.1199431419372559,-0.16205355525016785,prediction
Ent. faecalis,1.0590908527374268,-0.13937635719776154,prediction
S. aureus,1.3021159172058105,-0.07027649879455566,prediction
Ent. faecalis,0.5688736438751221,-0.4333128333091736,prediction
P. aeruginosa,-0.5390361547470093,0.7619088292121887,prediction
E. coli,-0.9184680581092834,-0.45868757367134094,prediction
P. aeruginosa,-0.7095735669136047,0.05064370483160019,prediction
P. aeruginosa,-0.464523583650589,0.6943570971488953,prediction
S. aureus,1.244035243988037,-0.14094442129135132,prediction
E. coli,-0.7510064840316772,-0.17350968718528748,prediction
S. aureus,1.502219557762146,-0.21048513054847717,prediction
P. aeruginosa,-0.532771110534668,0.6282531023025513,prediction
P. aeruginosa,-0.3932842016220093,1.0917563438415527,prediction
P. aeruginosa,-0.6445913910865784,0.7327067852020264,prediction
E. coli,-1.268690586090088,-0.5000028610229492,prediction
P. aeruginosa,-0.7115872502326965,0.32290565967559814,prediction
E. coli,-1.1859338283538818,-0.5002995729446411,prediction
P. aeruginosa,-0.2119138091802597,0.7820976972579956,prediction
Ent. faecalis,1.0119491815567017,-0.27298402786254883,prediction
Ent. faecalis,0.7060030102729797,-0.237146258354187,truth
P. aeruginosa,-0.6983659863471985,0.7593362927436829,truth
Ent. faecalis,1.1112858057022095,0.43235939741134644,truth
S. aureus,1.5321038961410522,-0.06340175867080688,truth
S. aureus,1.4953992366790771,0.13149955868721008,truth
S. aureus,1.5305945873260498,1.064292550086975,truth
P. aeruginosa,-0.4782792031764984,0.6814202666282654,truth
P. aeruginosa,-0.43785542249679565,0.7672083377838135,truth
E. coli,-1.2295243740081787,-0.0021670907735824585,truth
E. coli,-1.348383903503418,-0.8611266613006592,truth
P. aeruginosa,-0.36048099398612976,0.32118165493011475,truth
E. coli,-1.3415634632110596,-0.16816353797912598,truth
E. coli,-1.3318899869918823,-0.7841221690177917,truth
E. coli,-1.3590993881225586,-0.3129824995994568,truth
P. aeruginosa,-0.10279323160648346,1.1243735551834106,truth
P. aeruginosa,-0.39207014441490173,0.39629316329956055,truth
S. aureus,1.4279996156692505,-0.03969797492027283,truth
P. aeruginosa,-0.5645855665206909,0.21679028868675232,truth
S. aureus,1.4873943328857422,-0.14452147483825684,truth
P. aeruginosa,-0.9909465909004211,1.1084682941436768,truth
Ent. faecalis,0.7076637148857117,-0.20131860673427582,truth
S. aureus,1.3866291046142578,-0.4168587327003479,truth
E. coli,-1.1599053144454956,-0.5955449938774109,truth
P. aeruginosa,-0.5378068685531616,0.4980030655860901,truth
S. aureus,1.5387639999389648,-0.09058409929275513,truth
P. aeruginosa,-0.6534009575843811,0.7606586217880249,truth
P. aeruginosa,-0.5008603930473328,0.9364739060401917,truth
S. aureus,1.7145369052886963,-0.17443586885929108,truth
P. aeruginosa,-0.587988018989563,0.09999093413352966,truth
S. aureus,1.56015944480896,-0.23708674311637878,truth
E. coli,-1.325119972229004,-0.23929885029792786,truth
P. aeruginosa,-0.7424904108047485,1.0057812929153442,truth
E. coli,-0.6709743142127991,-1.5426928997039795,truth
P. aeruginosa,-0.3811643421649933,0.7266398668289185,truth
P. aeruginosa,-0.5395516157150269,0.6375291347503662,truth
S. aureus,1.4981615543365479,-0.07508242130279541,truth
P. aeruginosa,-0.4353260397911072,0.6538999676704407,truth
E. coli,-1.2047464847564697,-0.0932292565703392,truth
P. aeruginosa,-0.5013496279716492,0.9190118312835693,truth
S. aureus,1.3106039762496948,0.9620632529258728,truth
E. coli,-0.7496615648269653,-1.5686103105545044,truth
P. aeruginosa,-0.2039041370153427,1.291087031364441,truth
P. aeruginosa,-0.5476568341255188,1.0134027004241943,truth
Ent. faecalis,0.706948459148407,-0.39886224269866943,truth
P. aeruginosa,-0.403009295463562,0.8110070824623108,truth
Ent. faecalis,0.8832732439041138,-0.4786016047000885,truth
Ent. faecalis,0.5149970650672913,0.49862247705459595,truth
S. aureus,1.3371658325195312,-0.5254039764404297,truth
Ent. faecalis,0.7932405471801758,-0.759183406829834,truth
P. aeruginosa,-0.3718414604663849,0.8146505355834961,truth
E. coli,-0.91289883852005,-0.2901115119457245,truth
P. aeruginosa,-0.640541672706604,1.0779327154159546,truth
P. aeruginosa,-0.5755221843719482,0.8240467309951782,truth
S. aureus,1.6200053691864014,-0.6119664907455444,truth
E. coli,-1.2476606369018555,-0.6293234825134277,truth
S. aureus,1.5020766258239746,-0.5831285119056702,truth
P. aeruginosa,-0.49183014035224915,0.8467145562171936,truth
P. aeruginosa,-0.23358748853206635,0.01737278699874878,truth
P. aeruginosa,-0.5638850927352905,-0.09018999338150024,truth
E. coli,-0.9985158443450928,-1.0109597444534302,truth
P. aeruginosa,-0.5033974051475525,1.1105997562408447,truth
E. coli,-1.3068443536758423,-0.2929200530052185,truth
P. aeruginosa,-0.3303563892841339,0.6056405305862427,truth
Ent. faecalis,0.7144784927368164,-0.14234596490859985,truth
P. aeruginosa,-0.75071781873703,-0.1454356163740158,prediction
E. coli,-1.0812565088272095,-0.28026336431503296,prediction
E. coli,-0.47929441928863525,-0.7133808732032776,prediction
E. coli,-1.2179834842681885,0.014305777847766876,prediction
P. aeruginosa,-0.5982861518859863,-0.12449122220277786,prediction
E. coli,-1.311570405960083,-0.3252628445625305,prediction
E. coli,-0.912848174571991,0.191203773021698,prediction
S. aureus,1.33616042137146,-0.26717042922973633,prediction
P. aeruginosa,-0.7031189799308777,0.3811313211917877,prediction
P. aeruginosa,-0.729184627532959,0.9700183868408203,prediction
S. aureus,1.3526036739349365,-0.25340619683265686,prediction
S. aureus,1.278839349746704,0.3000022768974304,prediction
Ent. faecalis,0.5314525961875916,0.3181174397468567,prediction
S. aureus,1.0267874002456665,0.016437888145446777,prediction
P. aeruginosa,-0.5612918734550476,0.9578799605369568,prediction
Ent. faecalis,0.6845340728759766,-0.30434975028038025,prediction
S. aureus,1.3469209671020508,0.07891818881034851,prediction
P. aeruginosa,-0.5299267172813416,0.49300843477249146,prediction
E. coli,-0.746418297290802,-0.2114003747701645,prediction
Ent. faecalis,0.5683975219726562,-0.2480555921792984,prediction
P. aeruginosa,-0.9168645739555359,0.7682884931564331,prediction
E. coli,-0.6510847806930542,-0.08813954144716263,prediction
Ent. faecalis,0.9352202415466309,-0.022870957851409912,prediction
E. coli,-0.8397278189659119,-0.5903884172439575,prediction
E. coli,-1.1217410564422607,-0.7944831252098083,prediction
Ent. faecalis,0.5982042551040649,-0.12422299385070801,prediction
S. aureus,0.9673491716384888,0.08079495280981064,prediction
E. coli,-0.7742582559585571,-0.5052679181098938,prediction
Ent. faecalis,0.24268227815628052,-0.11964607238769531,prediction
E. coli,-1.2133069038391113,-0.43759864568710327,prediction
S. aureus,0.846501350402832,-0.12478311359882355,prediction
Ent. faecalis,0.7561415433883667,-0.34484386444091797,prediction
Ent. faecalis,1.296128273010254,-0.2846720516681671,prediction
S. aureus,0.5968644618988037,-0.13970918953418732,prediction
S. aureus,0.5687119364738464,-0.32668131589889526,prediction
P. aeruginosa,-0.7825566530227661,0.1948627233505249,prediction
P. aeruginosa,-0.8570054769515991,0.07597966492176056,prediction
S. aureus,0.8313122987747192,-0.21478377282619476,prediction
P. aeruginosa,-0.6848323345184326,0.5417540073394775,prediction
S. aureus,1.1983518600463867,-0.024314939975738525,prediction
E. coli,-1.6787965297698975,-0.607056200504303,prediction
P. aeruginosa,-0.9052670001983643,0.2658091187477112,prediction
E. coli,-0.9024532437324524,-0.18688362836837769,prediction
P. aeruginosa,-0.5349183082580566,-0.19223202764987946,prediction
S. aureus,1.3349422216415405,0.10046781599521637,prediction
S. aureus,1.7651095390319824,-0.576930046081543,prediction
E. coli,-1.1918106079101562,-0.5751171708106995,prediction
P. aeruginosa,-0.9513825178146362,1.0090219974517822,prediction
P. aeruginosa,-1.0173029899597168,0.7600312829017639,prediction
P. aeruginosa,-0.8360426425933838,0.15053744614124298,prediction
P. aeruginosa,-0.7173081636428833,0.1087435781955719,prediction
E. coli,-0.8988291025161743,-0.16572076082229614,prediction
E. coli,-0.3740297555923462,-0.09554888308048248,prediction
E. coli,-0.9821444749832153,-0.2568521499633789,prediction
Ent. faecalis,0.7414261102676392,0.09066075831651688,prediction
E. coli,-1.484562873840332,-0.6355125904083252,prediction
P. aeruginosa,-0.8539102077484131,0.5590064525604248,prediction
S. aureus,1.38938570022583,-0.06937658786773682,prediction
S. aureus,1.5039654970169067,-0.13517102599143982,prediction
S. aureus,0.9976586103439331,-0.14904190599918365,prediction
E. coli,-0.8005265593528748,-0.14310172200202942,prediction
E. coli,-0.6380621194839478,-0.169856995344162,prediction
Ent. faecalis,0.7662550806999207,-0.2563013732433319,prediction
S. aureus,0.5393582582473755,0.1002667248249054,prediction
P. aeruginosa,-0.48439911007881165,0.4762597382068634,truth
E. coli,-1.0121018886566162,-0.4680390954017639,truth
E. coli,-1.1143255233764648,-0.5125064253807068,truth
E. coli,-1.2477718591690063,-0.3552144169807434,truth
P. aeruginosa,-0.5351470112800598,0.4072822034358978,truth
E. coli,-1.4022860527038574,-0.3771284222602844,truth
E. coli,-1.2835036516189575,0.031224071979522705,truth
S. aureus,1.5733712911605835,-0.06860414892435074,truth
P. aeruginosa,-0.510677695274353,0.28634947538375854,truth
P. aeruginosa,-0.6351783871650696,0.8913297653198242,truth
S. aureus,1.4395958185195923,-0.3651678264141083,truth
S. aureus,1.5434614419937134,-0.3341682255268097,truth
Ent. faecalis,0.7385767102241516,-0.36246272921562195,truth
S. aureus,1.5224699974060059,-0.30111104249954224,truth
P. aeruginosa,-0.4872284233570099,0.5595842003822327,truth
Ent. faecalis,0.7978978753089905,0.06477265805006027,truth
S. aureus,1.5299525260925293,-0.5981491804122925,truth
P. aeruginosa,-0.5800016522407532,0.6225202083587646,truth
E. coli,-1.1739860773086548,-0.22242943942546844,truth
Ent. faecalis,0.8664348125457764,-0.31989043951034546,truth
P. aeruginosa,-0.46686917543411255,1.2653042078018188,truth
E. coli,-1.2424660921096802,-0.06680852919816971,truth
Ent. faecalis,0.840752899646759,0.2072502076625824,truth
E. coli,-1.0520622730255127,-0.3258460760116577,truth
E. coli,-0.4846618175506592,-0.8911395072937012,truth
Ent. faecalis,0.6146535277366638,-0.10057419538497925,truth
S. aureus,1.5280570983886719,-0.6741677522659302,truth
E. coli,-0.21042466163635254,-1.3260477781295776,truth
Ent. faecalis,0.7710017561912537,-0.13783909380435944,truth
E. coli,-1.3892102241516113,-0.43530046939849854,truth
S. aureus,1.5675071477890015,-0.3671746551990509,truth
Ent. faecalis,0.6672846078872681,1.0812166929244995,truth
Ent. faecalis,0.5036827325820923,0.09511424601078033,truth
S. aureus,1.5224432945251465,0.23996764421463013,truth
S. aureus,1.4269157648086548,-0.4769958257675171,truth
P. aeruginosa,-0.6964111328125,0.29844528436660767,truth
P. aeruginosa,-0.3866913914680481,-0.14979857206344604,truth
S. aureus,1.396873950958252,0.007131069898605347,truth
P. aeruginosa,-0.4846334755420685,0.7024168968200684,truth
S. aureus,1.5678554773330688,-0.4911942780017853,truth
E. coli,-1.2564743757247925,-0.6315531134605408,truth
P. aeruginosa,-0.5136395692825317,0.6174858808517456,truth
E. coli,-1.0013997554779053,-0.2608436346054077,truth
P. aeruginosa,-0.5848689675331116,1.2590795755386353,truth
S. aureus,1.4631696939468384,-0.44787758588790894,truth
S. aureus,1.461577296257019,-0.39482441544532776,truth
E. coli,-0.9222909212112427,-0.6695327162742615,truth
P. aeruginosa,-0.6568849086761475,0.8935486674308777,truth
P. aeruginosa,-0.4977085292339325,0.7033531665802002,truth
P. aeruginosa,-0.5921034812927246,0.8427972793579102,truth
P. aeruginosa,-0.5263882279396057,0.8435574173927307,truth
E. coli,-1.035736083984375,-0.652574360370636,truth
E. coli,-1.3592557907104492,-0.27655211091041565,truth
E. coli,-1.3133710622787476,-0.2569098472595215,truth
Ent. faecalis,0.5876864194869995,0.05666615068912506,truth
E. coli,-0.2993581295013428,-2.014078378677368,truth
P. aeruginosa,-0.5632628798484802,0.6606103181838989,truth
S. aureus,1.602646827697754,-0.8513705134391785,truth
S. aureus,1.4576420783996582,-0.20302271842956543,truth
S. aureus,1.408844232559204,-0.22098000347614288,truth
E. coli,-1.0317836999893188,-0.982784628868103,truth
E. coli,-1.3293863534927368,-0.22038432955741882,truth
Ent. faecalis,0.528609573841095,0.08705206215381622,truth
S. aureus,1.5948302745819092,0.22728124260902405,truth
Ent. faecalis,0.5893521904945374,0.04328569769859314,prediction
Ent. faecalis,1.0391314029693604,-0.32668033242225647,prediction
S. aureus,0.3151162564754486,-0.1795508712530136,prediction
Ent. faecalis,0.8342552185058594,-0.032401278614997864,prediction
S. aureus,1.1271601915359497,0.3644581735134125,prediction
E. coli,-1.1741474866867065,-0.5064383149147034,prediction
P. aeruginosa,-0.697898268699646,0.8908087611198425,prediction
S. aureus,0.6661401987075806,0.026848450303077698,prediction
E. coli,-0.6815341114997864,-0.6953249573707581,prediction
Ent. faecalis,0.6659005880355835,-0.15168112516403198,prediction
E. coli,-0.8603227138519287,-0.35959938168525696,prediction
S. aureus,1.2890214920043945,0.08926606178283691,prediction
E. coli,-0.7141514420509338,-0.03883782774209976,prediction
Ent. faecalis,0.8278231620788574,-0.2332913875579834,prediction
E. coli,-1.1433708667755127,-0.6007903814315796,prediction
E. coli,-0.8475650548934937,-0.23245495557785034,prediction
P. aeruginosa,-0.49030017852783203,0.5823125839233398,prediction
Ent. faecalis,1.086006760597229,0.05080243945121765,prediction
P. aeruginosa,-0.9237457513809204,0.37728479504585266,prediction
P. aeruginosa,-0.1502402424812317,0.9173222780227661,prediction
Ent. faecalis,0.5700023174285889,0.1375235617160797,prediction
S. aureus,1.399928331375122,0.13459865748882294,prediction
P. aeruginosa,-0.3858366012573242,0.5819841027259827,prediction
P. aeruginosa,-0.6957873702049255,0.36078619956970215,prediction
S. aureus,1.656914234161377,-0.06960596144199371,prediction
E. coli,-0.7236813306808472,-0.3868066072463989,prediction
P. aeruginosa,-1.3185925483703613,0.42228254675865173,prediction
E. coli,-1.0872209072113037,-0.325357586145401,prediction
Ent. faecalis,0.7544464468955994,-0.12750665843486786,prediction
S. aureus,0.5461413264274597,0.08386331796646118,prediction
E. coli,-0.6762902736663818,-0.1626337170600891,prediction
Ent. faecalis,0.5764684677124023,-0.387076735496521,prediction
P. aeruginosa,-0.2273903489112854,0.5446916818618774,prediction
S. aureus,1.1271326541900635,-0.3857784867286682,prediction
Ent. faecalis,0.6821373701095581,-0.03097158670425415,prediction
S. aureus,0.8533108234405518,-0.13739247620105743,prediction
S. aureus,1.438342809677124,0.3561064302921295,prediction
E. coli,-0.7445181608200073,-0.3970790207386017,prediction
E. coli,-0.6176726818084717,-0.11487297713756561,prediction
P. aeruginosa,-0.3662915527820587,-0.5655428767204285,prediction
Ent. faecalis,0.7910414934158325,-0.42452821135520935,prediction
S. aureus,1.3272035121917725,-0.23337295651435852,prediction
E. coli,-0.6937214732170105,-0.05345377326011658,prediction
S. aureus,0.883314847946167,-0.24246293306350708,prediction
Ent. faecalis,0.5273664593696594,-0.08603580296039581,prediction
P. aeruginosa,-0.7514742612838745,0.07722349464893341,prediction
S. aureus,1.2704615592956543,-0.24750034511089325,prediction
P. aeruginosa,-0.881494402885437,0.3664020597934723,prediction
Ent. faecalis,0.9479837417602539,-0.06310167908668518,prediction
P. aeruginosa,-0.664209246635437,0.4705110192298889,prediction
P. aeruginosa,-0.5040521025657654,0.24522466957569122,prediction
P. aeruginosa,-0.4924447536468506,0.18607480823993683,prediction
S. aureus,0.6622675657272339,-0.18128246068954468,prediction
Ent. faecalis,0.7533861994743347,-0.15526872873306274,prediction
Ent. faecalis,0.7505554556846619,-0.14009350538253784,prediction
P. aeruginosa,-0.6946870684623718,0.6495412588119507,prediction
E. coli,-1.2086303234100342,0.13718467950820923,prediction
S. aureus,1.6392762660980225,-0.3416171073913574,prediction
P. aeruginosa,-0.8454076051712036,0.0990462452173233,prediction
P. aeruginosa,-0.6331299543380737,0.34416815638542175,prediction
P. aeruginosa,-0.4703529179096222,0.7819873094558716,prediction
P. aeruginosa,-0.7677347660064697,0.5937531590461731,prediction
P. aeruginosa,-0.8140435218811035,0.3580452799797058,prediction
S. aureus,0.3261054754257202,-0.055409401655197144,prediction
Ent. faecalis,0.8723754286766052,0.15336555242538452,truth
Ent. faecalis,0.6413371562957764,0.8308471441268921,truth
S. aureus,1.455944299697876,0.3995172679424286,truth
Ent. faecalis,0.8021347522735596,-0.11015060544013977,truth
S. aureus,1.2563978433609009,-0.14005768299102783,truth
E. coli,-1.401085376739502,-0.5881483554840088,truth
P. aeruginosa,-0.5416643619537354,0.5615052580833435,truth
S. aureus,1.629440426826477,-0.49764302372932434,truth
E. coli,-1.09049654006958,-0.4753766655921936,truth
Ent. faecalis,0.752311646938324,-0.2518487572669983,truth
E. coli,-0.5726403594017029,-1.295771598815918,truth
S. aureus,1.6502923965454102,-0.10920853167772293,truth
E. coli,-1.3017525672912598,-0.12964701652526855,truth
Ent. faecalis,0.851214587688446,0.007032439112663269,truth
E. coli,-1.227472186088562,-0.4720118045806885,truth
E. coli,-1.1122448444366455,-0.8198694586753845,truth
P. aeruginosa,-0.5916306376457214,0.29211607575416565,truth
Ent. faecalis,0.5592687129974365,-0.08069600909948349,truth
P. aeruginosa,-0.7039236426353455,0.9834904074668884,truth
P. aeruginosa,-0.37326812744140625,0.8882967233657837,truth
Ent. faecalis,0.8360323905944824,0.04181411862373352,truth
S. aureus,1.4853135347366333,-0.014430748298764229,truth
P. aeruginosa,-0.5311970114707947,0.986778199672699,truth
P. aeruginosa,-0.6177451014518738,-0.33749285340309143,truth
S. aureus,1.5505620241165161,-0.069143146276474,truth
E. coli,-0.3749731481075287,-1.8852314949035645,truth
P. aeruginosa,-0.6223397254943848,0.5832502841949463,truth
E. coli,-1.0020791292190552,-1.042677640914917,truth
Ent. faecalis,0.9006497263908386,-0.7241051197052002,truth
S. aureus,1.5699248313903809,-0.47421157360076904,truth
E. coli,-1.363160252571106,-0.08226750791072845,truth
Ent. faecalis,0.7390954494476318,-0.5212128162384033,truth
P. aeruginosa,-0.6510879397392273,0.6529529094696045,truth
S. aureus,1.5914784669876099,0.15084630250930786,truth
Ent. faecalis,0.6514691114425659,0.3959876596927643,truth
S. aureus,1.544452428817749,-0.26722022891044617,truth
S. aureus,1.4216636419296265,0.5318213701248169,truth
E. coli,-0.5878166556358337,-1.3464330434799194,truth
E. coli,-1.1443840265274048,-0.6286624670028687,truth
P. aeruginosa,-0.6042578816413879,0.4699411392211914,truth
Ent. faecalis,0.8961329460144043,0.09774456918239594,truth
S. aureus,1.5644168853759766,0.861711323261261,truth
E. coli,-1.2765575647354126,-0.779420018196106,truth
S. aureus,1.455114722251892,-0.43163925409317017,truth
Ent. faecalis,0.9767621755599976,-0.3968019485473633,truth
P. aeruginosa,-0.5161306858062744,0.854288637638092,truth
S. aureus,1.5418044328689575,-0.488017201423645,truth
P. aeruginosa,-0.6051852703094482,-0.2419339120388031,truth
Ent. faecalis,0.7746948003768921,-0.17283406853675842,truth
P. aeruginosa,-0.5469583868980408,0.5627381205558777,truth
P. aeruginosa,-0.4947777986526489,0.6907778382301331,truth
P. aeruginosa,-0.32901397347450256,0.044529952108860016,truth
S. aureus,1.4392673969268799,0.5089923143386841,truth
Ent. faecalis,0.7731665372848511,-0.5178037285804749,truth
Ent. faecalis,0.9222820997238159,-0.009777981787919998,truth
P. aeruginosa,-0.42852309346199036,0.9657005667686462,truth
E. coli,-1.3356308937072754,-0.22637298703193665,truth
S. aureus,1.537038803100586,1.2873047590255737,truth
P. aeruginosa,-0.5109381675720215,0.49693888425827026,truth
P. aeruginosa,-0.6434529423713684,0.7832040190696716,truth
P. aeruginosa,-0.053661078214645386,0.9734934568405151,truth
P. aeruginosa,-0.48359331488609314,0.4281591773033142,truth
P. aeruginosa,-0.28618648648262024,0.9550908207893372,truth
S. aureus,1.4662041664123535,0.05424460768699646,truth
E. coli,-1.2586803436279297,-0.22759072482585907,prediction
P. aeruginosa,-0.7542461156845093,0.5415062308311462,prediction
E. coli,-0.8787235021591187,-0.6453959345817566,prediction
P. aeruginosa,-0.406990647315979,0.5920935869216919,prediction
E. coli,-0.5889111757278442,-0.14595353603363037,prediction
P. aeruginosa,-0.5283697843551636,0.6821973323822021,prediction
P. aeruginosa,-0.8163667917251587,0.7023885846138,prediction
P. aeruginosa,-0.5497113466262817,0.5240152478218079,prediction
Ent. faecalis,0.41862890124320984,-0.3205595016479492,prediction
E. coli,-1.0754565000534058,0.044019341468811035,prediction
Ent. faecalis,0.9524843692779541,-0.21154353022575378,prediction
Ent. faecalis,0.34932202100753784,-0.19600039720535278,prediction
S. aureus,0.7967996597290039,-0.24869504570960999,prediction
Ent. faecalis,0.5757107138633728,0.0535622239112854,prediction
Ent. faecalis,0.290740042924881,-0.22738304734230042,prediction
P. aeruginosa,-1.2234818935394287,-0.32253432273864746,prediction
E. coli,-0.5719273686408997,-0.38673657178878784,prediction
P. aeruginosa,-0.9144478440284729,0.011522337794303894,prediction
E. coli,-0.8820632100105286,-0.09847884625196457,prediction
Ent. faecalis,1.0368669033050537,0.13619031012058258,prediction
S. aureus,0.6813606023788452,-0.15506649017333984,prediction
E. coli,-0.7576925754547119,-0.03393437713384628,prediction
E. coli,-1.0271787643432617,-0.5057297945022583,prediction
Ent. faecalis,0.9349513649940491,0.1313217282295227,prediction
E. coli,-1.3004443645477295,-0.019016355276107788,prediction
S. aureus,1.152682900428772,-0.15092679858207703,prediction
S. aureus,1.3604462146759033,-0.17341828346252441,prediction
S. aureus,0.6467678546905518,0.01310943067073822,prediction
P. aeruginosa,-0.3205357491970062,0.6257286667823792,prediction
E. coli,-0.6939660310745239,-0.21935820579528809,prediction
P. aeruginosa,-0.5028841495513916,0.42506563663482666,prediction
S. aureus,0.5687271356582642,-0.05695321410894394,prediction
S. aureus,0.5988903641700745,-0.2717709541320801,prediction
E. coli,-0.8582980632781982,-0.5618854761123657,prediction
P. aeruginosa,-0.7108156681060791,0.4312601089477539,prediction
E. coli,-1.107520580291748,-0.5394816398620605,prediction
P. aeruginosa,-0.9093201160430908,0.06009908765554428,prediction
E. coli,-0.8725757598876953,-0.3302103877067566,prediction
S. aureus,0.957962155342102,-0.0741313248872757,prediction
S. aureus,1.106877088546753,-0.087763711810112,prediction
S. aureus,0.6280684471130371,-0.06864616274833679,prediction
S. aureus,1.0441341400146484,0.08677816390991211,prediction
P. aeruginosa,-0.5853803157806396,0.6792018413543701,prediction
E. coli,-0.7040709853172302,0.1340741217136383,prediction
P. aeruginosa,-0.43262335658073425,0.5672924518585205,prediction
E. coli,-0.605605959892273,-0.1785704791545868,prediction
S. aureus,1.0997443199157715,0.03181453049182892,prediction
Ent. faecalis,0.7014334201812744,-0.4366894066333771,prediction
P. aeruginosa,-0.8134862184524536,0.072146475315094,prediction
S. aureus,1.385455846786499,-0.031045660376548767,prediction
Ent. faecalis,1.087120532989502,-0.07524029165506363,prediction
Ent. faecalis,0.44096845388412476,-0.4512181580066681,prediction
Ent. faecalis,0.5620853900909424,0.09407010674476624,prediction
E. coli,-0.7854184508323669,-0.2945847511291504,prediction
E. coli,-0.7719904184341431,-0.34582072496414185,prediction
E. coli,-0.9014371633529663,-0.10882719606161118,prediction
Ent. faecalis,0.3931064009666443,-0.2070210874080658,prediction
S. aureus,0.6894952058792114,0.116053506731987,prediction
P. aeruginosa,-0.44090813398361206,0.49957096576690674,prediction
S. aureus,1.1847074031829834,-0.23810777068138123,prediction
S. aureus,0.2302040010690689,-0.06356873363256454,prediction
S. aureus,1.2152106761932373,-0.15644828975200653,prediction
E. coli,-1.039522409439087,-0.07741057872772217,prediction
Ent. faecalis,0.8088763952255249,-0.18117424845695496,prediction
E. coli,-0.5141075849533081,-0.5181536078453064,truth
P. aeruginosa,-0.4835225045681,0.6615317463874817,truth
E. coli,-1.2656043767929077,-0.47903817892074585,truth
P. aeruginosa,-0.5740730166435242,1.094402551651001,truth
E. coli,-0.8180914521217346,-0.07777343690395355,truth
P. aeruginosa,-0.4520584046840668,1.1982929706573486,truth
P. aeruginosa,-0.5637844204902649,1.1242897510528564,truth
P. aeruginosa,-0.5419973134994507,0.7479451894760132,truth
Ent. faecalis,0.6160972118377686,-0.02057988941669464,truth
E. coli,-0.680277943611145,-1.5420176982879639,truth
Ent. faecalis,0.8627085089683533,-0.36742258071899414,truth
Ent. faecalis,0.7492809295654297,-0.7423461079597473,truth
S. aureus,1.625182032585144,0.3655252456665039,truth
Ent. faecalis,0.7052564024925232,0.4982120394706726,truth
Ent. faecalis,0.4935983121395111,0.22042465209960938,truth
P. aeruginosa,-0.49714070558547974,0.31646060943603516,truth
E. coli,-1.0636950731277466,-0.7905231714248657,truth
P. aeruginosa,-0.3875631093978882,-0.0547911673784256,truth
E. coli,-1.236121654510498,-0.8917793035507202,truth
Ent. faecalis,0.6775303483009338,-0.0017907023429870605,truth
S. aureus,1.6364995241165161,-0.25019505620002747,truth
E. coli,-1.3151546716690063,-0.5188981890678406,truth
E. coli,-0.999320387840271,-0.6825295090675354,truth
Ent. faecalis,0.7711699604988098,-0.3177444636821747,truth
E. coli,-1.1433988809585571,-0.8088394403457642,truth
S. aureus,1.5411512851715088,0.24940159916877747,truth
S. aureus,1.6705960035324097,-0.023319602012634277,truth
S. aureus,1.5264294147491455,0.7132551670074463,truth
P. aeruginosa,-0.48365694284439087,0.6325942277908325,truth
E. coli,-0.696506679058075,-1.8223387002944946,truth
P. aeruginosa,-0.42590954899787903,0.473638653755188,truth
S. aureus,1.636871099472046,-0.46472465991973877,truth
S. aureus,1.5390336513519287,-0.6092453598976135,truth
E. coli,-0.9104121327400208,-1.328599214553833,truth
P. aeruginosa,-0.6015046834945679,1.2097195386886597,truth
E. coli,-1.2379374504089355,-0.29003456234931946,truth
P. aeruginosa,-0.5056551694869995,0.8936635851860046,truth
E. coli,-0.6996412873268127,-1.5730212926864624,truth
S. aureus,1.529136061668396,-0.09477552026510239,truth
S. aureus,1.4867169857025146,-0.3463377356529236,truth
S. aureus,1.5072550773620605,0.19938498735427856,truth
S. aureus,1.5078141689300537,-0.00340116024017334,truth
P. aeruginosa,-0.7287282943725586,0.372117817401886,truth
E. coli,-1.2873350381851196,-0.899634063243866,truth
P. aeruginosa,-0.46587926149368286,0.8243826031684875,truth
E. coli,-1.402984619140625,0.005610048770904541,truth
S. aureus,1.4530065059661865,-0.5106976628303528,truth
Ent. faecalis,0.7195965647697449,-0.15517845749855042,truth
P. aeruginosa,-0.9207652807235718,0.8101946711540222,truth
S. aureus,1.597996473312378,-0.30100247263908386,truth
Ent. faecalis,0.9674513936042786,-1.260000467300415,truth
Ent. faecalis,0.7302824258804321,-0.08979848027229309,truth
Ent. faecalis,0.9149510860443115,-0.02468934655189514,truth
E. coli,-1.1578774452209473,0.3738532066345215,truth
E. coli,-1.3549418449401855,-0.2946004867553711,truth
E. coli,-1.3650630712509155,-0.7580418586730957,truth
Ent. faecalis,0.8224014043807983,-0.2976904809474945,truth
S. aureus,1.432399868965149,0.008631899952888489,truth
P. aeruginosa,-0.715753436088562,0.8956859111785889,truth
S. aureus,1.4933695793151855,-0.5571373701095581,truth
S. aureus,1.5247687101364136,-0.5409586429595947,truth
S. aureus,1.3176310062408447,-0.11350012570619583,truth
E. coli,-1.2497206926345825,-1.0616439580917358,truth
Ent. faecalis,0.636774480342865,-0.22953034937381744,truth
S. aureus,1.2089953422546387,-0.08522379398345947,prediction
E. coli,-1.1384191513061523,-0.6277711391448975,prediction
P. aeruginosa,-0.714256763458252,0.6990455389022827,prediction
E. coli,-1.282210350036621,-0.6598062515258789,prediction
P. aeruginosa,-0.3781934082508087,0.5727031230926514,prediction
Ent. faecalis,0.6101875305175781,-0.288999080657959,prediction
S. aureus,0.3429048955440521,-0.263302206993103,prediction
S. aureus,1.6519572734832764,0.5518971681594849,prediction
S. aureus,1.326948881149292,-0.29061636328697205,prediction
Ent. faecalis,0.8358525037765503,0.09328196942806244,prediction
E. coli,-0.41355621814727783,-0.49284663796424866,prediction
P. aeruginosa,-0.889875590801239,0.7640033960342407,prediction
E. coli,-1.1764142513275146,-0.2071828544139862,prediction
S. aureus,0.9676487445831299,0.15358459949493408,prediction
S. aureus,0.6560647487640381,0.0662682056427002,prediction
E. coli,-0.9236609935760498,-0.47072577476501465,prediction
Ent. faecalis,0.5115758776664734,-0.23293368518352509,prediction
Ent. faecalis,0.7132449150085449,-0.31945616006851196,prediction
E. coli,-1.0514192581176758,-0.37637439370155334,prediction
E. coli,-1.0825647115707397,-0.9115041494369507,prediction
S. aureus,0.942028284072876,-0.1164182722568512,prediction
Ent. faecalis,0.4868637025356293,0.11157691478729248,prediction
Ent. faecalis,0.5402795672416687,-0.2305847406387329,prediction
P. aeruginosa,-0.466243177652359,0.6538933515548706,prediction
E. coli,-1.1454575061798096,-0.22821566462516785,prediction
S. aureus,1.2456995248794556,-0.19404901564121246,prediction
E. coli,-1.000265121459961,-0.6317105293273926,prediction
P. aeruginosa,-0.7833263874053955,0.5013378262519836,prediction
S. aureus,1.1249072551727295,-0.1350903958082199,prediction
E. coli,-0.4097582697868347,-0.5166776180267334,prediction
P. aeruginosa,-0.6165902018547058,0.8135713934898376,prediction
P. aeruginosa,-1.064766526222229,0.6214190721511841,prediction
E. coli,-1.0195953845977783,-0.26272231340408325,prediction
P. aeruginosa,-0.8333092927932739,0.8286899924278259,prediction
Ent. faecalis,1.3756316900253296,-0.24861273169517517,prediction
E. coli,-0.6563398838043213,-0.4630025029182434,prediction
P. aeruginosa,-0.6738506555557251,0.2267737090587616,prediction
E. coli,-0.9633207321166992,-0.494718074798584,prediction
P. aeruginosa,-0.9236510992050171,-0.09600554406642914,prediction
P. aeruginosa,-0.7915630340576172,0.14322176575660706,prediction
S. aureus,1.1946640014648438,-0.17673847079277039,prediction
P. aeruginosa,-0.49706679582595825,0.7146005630493164,prediction
E. coli,-1.092301607131958,-0.35474714636802673,prediction
S. aureus,1.0854930877685547,-0.3192146420478821,prediction
P. aeruginosa,-0.6460230350494385,0.6947770118713379,prediction
S. aureus,0.5155298113822937,0.03480970859527588,prediction
Ent. faecalis,1.1202431917190552,-0.030522972345352173,prediction
S. aureus,1.8444366455078125,-0.00348663330078125,prediction
Ent. faecalis,1.0468387603759766,-0.0855758786201477,prediction
E. coli,-1.4477556943893433,-0.600140392780304,prediction
P. aeruginosa,-0.37203526496887207,0.2740195393562317,prediction
E. coli,-0.7026684284210205,-0.17044085264205933,prediction
E. coli,-0.7280189394950867,-0.21307215094566345,prediction
Ent. faecalis,0.318747878074646,-0.22173434495925903,prediction
P. aeruginosa,-0.4873759150505066,0.3320688009262085,prediction
P. aeruginosa,-0.47868791222572327,0.5586330890655518,prediction
P. aeruginosa,-0.779558539390564,0.6494828462600708,prediction
E. coli,-0.72651207447052,-0.18916232883930206,prediction
S. aureus,1.4236267805099487,-0.0606304407119751,prediction
S. aureus,0.8543824553489685,0.27982786297798157,prediction
P. aeruginosa,-0.9139911532402039,0.09428898245096207,prediction
S. aureus,0.7810662984848022,-0.20877131819725037,prediction
S. aureus,1.3223358392715454,-0.2159556746482849,prediction
S. aureus,1.1549657583236694,-0.16039791703224182,prediction
S. aureus,1.5418447256088257,-0.07479189336299896,truth
E. coli,-0.6680618524551392,-1.5947767496109009,truth
P. aeruginosa,-0.5728098750114441,0.8992470502853394,truth
E. coli,-1.325500726699829,-0.23511716723442078,truth
P. aeruginosa,-0.14165233075618744,0.8092426061630249,truth
Ent. faecalis,0.8306463360786438,0.24621456861495972,truth
S. aureus,1.5026710033416748,-0.5827623605728149,truth
S. aureus,1.4926866292953491,-0.41520318388938904,truth
S. aureus,1.4623521566390991,0.23201176524162292,truth
Ent. faecalis,0.8219690322875977,-0.6485510468482971,truth
E. coli,-1.2956291437149048,-0.3188133239746094,truth
P. aeruginosa,-0.4754303991794586,1.6449166536331177,truth
E. coli,-1.149840235710144,-0.24250087141990662,truth
S. aureus,1.6541507244110107,0.4691471457481384,truth
S. aureus,1.5318515300750732,-0.029993265867233276,truth
E. coli,-0.8139923810958862,-1.1351745128631592,truth
Ent. faecalis,0.8002452850341797,-0.4532249867916107,truth
Ent. faecalis,0.7490269541740417,-0.12380743026733398,truth
E. coli,-1.4711753129959106,-0.4726346433162689,truth
E. coli,-0.7714740037918091,-1.1110856533050537,truth
S. aureus,1.4804733991622925,-0.47163963317871094,truth
Ent. faecalis,0.8897512555122375,-0.5187940001487732,truth
Ent. faecalis,0.8390162587165833,-0.4572058320045471,truth
P. aeruginosa,-0.8354772329330444,1.3316631317138672,truth
E. coli,-0.9562923908233643,-0.4989458918571472,truth
S. aureus,1.7144594192504883,0.1100051999092102,truth
E. coli,-1.1954283714294434,0.4732818305492401,truth
P. aeruginosa,-0.3658359944820404,0.40499404072761536,truth
S. aureus,1.6478205919265747,-0.299373984336853,truth
E. coli,-1.1314525604248047,-0.40962010622024536,truth
P. aeruginosa,-0.39605990052223206,0.17833080887794495,truth
P. aeruginosa,-0.545474648475647,0.9845918416976929,truth
E. coli,-1.014068603515625,-0.22319337725639343,truth
P. aeruginosa,-0.41199395060539246,0.378743976354599,truth
Ent. faecalis,0.7969642281532288,-0.24060218036174774,truth
E. coli,-1.273531198501587,0.06640017032623291,truth
P. aeruginosa,-0.5198100209236145,0.811055064201355,truth
E. coli,-1.3425638675689697,-0.10028614103794098,truth
P. aeruginosa,-0.42402777075767517,0.6346171498298645,truth
P. aeruginosa,-0.6121110320091248,0.8519108295440674,truth
S. aureus,1.4977816343307495,-0.3215390145778656,truth
P. aeruginosa,-0.5641670227050781,0.7883269786834717,truth
E. coli,-0.47691410779953003,-0.9195667505264282,truth
S. aureus,1.4992674589157104,-0.45373332500457764,truth
P. aeruginosa,-0.3958057761192322,0.6421740651130676,truth
S. aureus,1.6128331422805786,-0.4359678030014038,truth
Ent. faecalis,0.599636971950531,-0.29430723190307617,truth
S. aureus,1.4623390436172485,-0.34338080883026123,truth
Ent. faecalis,0.8539790511131287,-0.35370761156082153,truth
E. coli,-1.315008282661438,-0.258389413356781,truth
P. aeruginosa,-0.6394924521446228,0.7917379140853882,truth
E. coli,-1.3411364555358887,-0.5334764719009399,truth
E. coli,-1.325810194015503,-0.7559657096862793,truth
Ent. faecalis,0.683068573474884,-0.256761759519577,truth
P. aeruginosa,-0.6404134631156921,0.6379922032356262,truth
P. aeruginosa,-0.5506148338317871,0.7325504422187805,truth
P. aeruginosa,-0.13185907900333405,0.24779921770095825,truth
E. coli,-1.1640657186508179,0.39413535594940186,truth
S. aureus,1.3879976272583008,-1.1369538307189941,truth
S. aureus,1.3740752935409546,0.01995266228914261,truth
P. aeruginosa,-0.4792940020561218,0.5506439805030823,truth
S. aureus,1.3871243000030518,-0.3531329333782196,truth
S. aureus,1.4839726686477661,0.00133524090051651,truth
S. aureus,1.604783058166504,1.0058461427688599,truth
E. coli,-0.8399434089660645,0.12232492864131927,prediction
P. aeruginosa,-0.2203354686498642,1.1242917776107788,prediction
E. coli,-1.1951014995574951,-0.5614173412322998,prediction
E. coli,-0.9241135120391846,-0.4837931990623474,prediction
P. aeruginosa,-0.7327199578285217,0.8120043277740479,prediction
P. aeruginosa,-0.7970297336578369,0.3875429630279541,prediction
P. aeruginosa,-1.1352570056915283,0.06450205296278,prediction
S. aureus,1.5464645624160767,-0.3431748151779175,prediction
P. aeruginosa,-0.2853810787200928,0.6134644746780396,prediction
E. coli,-0.9363741278648376,-0.14861559867858887,prediction
E. coli,-0.5266149044036865,-0.40014180541038513,prediction
E. coli,-0.7600873112678528,-0.3153183162212372,prediction
Ent. faecalis,0.9100680351257324,-0.041377995163202286,prediction
Ent. faecalis,0.48506808280944824,0.11842527985572815,prediction
P. aeruginosa,-0.665870726108551,0.426318496465683,prediction
P. aeruginosa,-0.4800376892089844,-0.47560232877731323,prediction
P. aeruginosa,-0.6901763677597046,0.32103168964385986,prediction
Ent. faecalis,0.16090965270996094,0.15078598260879517,prediction
Ent. faecalis,1.1067036390304565,0.04550381749868393,prediction
S. aureus,1.6006712913513184,0.15936337411403656,prediction
S. aureus,0.4136982560157776,0.023097947239875793,prediction
Ent. faecalis,0.7596166729927063,0.012734591960906982,prediction
S. aureus,1.8998632431030273,0.1023557186126709,prediction
Ent. faecalis,0.9662854671478271,0.30048254132270813,prediction
Ent. faecalis,0.43430081009864807,-0.010706007480621338,prediction
S. aureus,0.33398550748825073,-0.3525933623313904,prediction
P. aeruginosa,-0.9685219526290894,0.7641679644584656,prediction
E. coli,-1.0148378610610962,-0.5775873064994812,prediction
P. aeruginosa,-0.41189903020858765,0.7803187370300293,prediction
Ent. faecalis,0.950670599937439,-0.2451624870300293,prediction
E. coli,-0.968260645866394,-0.2709386348724365,prediction
P. aeruginosa,-0.9085220098495483,0.374112993478775,prediction
Ent. faecalis,0.8136734962463379,-0.3498183488845825,prediction
S. aureus,0.6588637232780457,-0.04620373249053955,prediction
Ent. faecalis,0.4356396794319153,-0.02823270857334137,prediction
S. aureus,1.536454677581787,0.01201319694519043,prediction
E. coli,-0.9736238718032837,-0.3791835308074951,prediction
S. aureus,1.3309811353683472,0.0629551038146019,prediction
S. aureus,1.4416117668151855,-0.21170693635940552,prediction
E. coli,-0.9450008273124695,-0.3416171371936798,prediction
Ent. faecalis,0.7883317470550537,0.09488049149513245,prediction
S. aureus,0.9895697832107544,-0.1855619102716446,prediction
S. aureus,0.24799518287181854,0.09847121685743332,prediction
S. aureus,0.8184529542922974,-0.08406685292720795,prediction
S. aureus,1.6559702157974243,-0.11850616335868835,prediction
Ent. faecalis,0.9262516498565674,0.0012403950095176697,prediction
Ent. faecalis,0.458952933549881,-0.2967407703399658,prediction
P. aeruginosa,-0.5278903841972351,0.900984525680542,prediction
Ent. faecalis,0.1781454235315323,-0.3059598207473755,prediction
E. coli,-1.1291955709457397,-0.4170340895652771,prediction
E. coli,-0.8684667348861694,-0.3928721845149994,prediction
Ent. faecalis,1.1844086647033691,0.2690979242324829,prediction
Ent. faecalis,0.8691595196723938,0.10291394591331482,prediction
P. aeruginosa,-0.9915378093719482,-0.31877002120018005,prediction
S. aureus,1.4678200483322144,-0.36230194568634033,prediction
S. aureus,1.0224074125289917,-0.2927994728088379,prediction
Ent. faecalis,0.9253367781639099,-0.12290522456169128,prediction
P. aeruginosa,-0.6213182806968689,0.6874939799308777,prediction
Ent. faecalis,0.4881206154823303,-0.18992143869400024,prediction
S. aureus,0.7735232710838318,-0.12843863666057587,prediction
P. aeruginosa,-0.7365903854370117,0.7827321290969849,prediction
E. coli,-1.2173587083816528,-0.804603636264801,prediction
Ent. faecalis,0.8245925307273865,0.014043360948562622,prediction
E. coli,-0.8103492259979248,-0.6239800453186035,prediction
E. coli,-0.4270229637622833,-1.553360939025879,truth
P. aeruginosa,-0.6067378520965576,0.9445797801017761,truth
E. coli,-1.0618647336959839,-0.8115681409835815,truth
E. coli,-0.9430862069129944,-1.3495978116989136,truth
P. aeruginosa,-0.5272309184074402,0.8175700306892395,truth
P. aeruginosa,-0.4579148292541504,0.32577449083328247,truth
P. aeruginosa,-0.6319735646247864,0.6810076236724854,truth
S. aureus,1.4219515323638916,-0.619450569152832,truth
P. aeruginosa,-0.3078114092350006,0.50516676902771,truth
E. coli,-0.3997598886489868,-1.7196162939071655,truth
E. coli,-1.2062517404556274,-0.029962755739688873,truth
E. coli,-1.4697951078414917,-0.5093624591827393,truth
Ent. faecalis,0.74820476770401,-0.362299382686615,truth
Ent. faecalis,0.7886036038398743,-0.05295860022306442,truth
P. aeruginosa,-0.6704939007759094,0.6375272870063782,truth
P. aeruginosa,-0.5497695803642273,0.7886731028556824,truth
P. aeruginosa,-0.5712249279022217,0.4833309054374695,truth
Ent. faecalis,0.6656543612480164,-0.4384996294975281,truth
Ent. faecalis,0.7071501016616821,-0.3949272334575653,truth
S. aureus,1.4130133390426636,-0.6738244295120239,truth
S. aureus,1.356031060218811,0.721321702003479,truth
Ent. faecalis,0.8966030478477478,-0.2834588587284088,truth
S. aureus,1.4164907932281494,0.03765961527824402,truth
Ent. faecalis,0.7927941679954529,-0.3582227826118469,truth
Ent. faecalis,0.5871084332466125,0.20328374207019806,truth
S. aureus,1.522428274154663,0.4135436415672302,truth
P. aeruginosa,-0.2328774631023407,0.219199538230896,truth
E. coli,-1.3777748346328735,-0.5512886047363281,truth
P. aeruginosa,-0.33280542492866516,0.5372375845909119,truth
Ent. faecalis,1.0298717021942139,0.4160420000553131,truth
E. coli,-0.7005120515823364,-1.2266496419906616,truth
P. aeruginosa,-0.6169897317886353,1.276776671409607,truth
Ent. faecalis,0.7108310461044312,0.5554594397544861,truth
S. aureus,1.519553542137146,-0.13462384045124054,truth
Ent. faecalis,0.7322645783424377,-0.22584886848926544,truth
S. aureus,1.5754026174545288,0.06433751434087753,truth
E. coli,-1.0804866552352905,-1.1844532489776611,truth
S. aureus,1.4834550619125366,-0.08463768661022186,truth
S. aureus,1.5022391080856323,-0.1770770251750946,truth
E. coli,-0.5896616578102112,-0.1985146403312683,truth
Ent. faecalis,0.8367491364479065,0.10631594806909561,truth
S. aureus,1.4279510974884033,0.5803548693656921,truth
S. aureus,1.3889694213867188,0.06458046287298203,truth
S. aureus,1.4165624380111694,0.018297873437404633,truth
S. aureus,1.4875599145889282,-0.20537477731704712,truth
Ent. faecalis,0.8089245557785034,-0.04726874828338623,truth
Ent. faecalis,0.8477277755737305,-0.5864242315292358,truth
P. aeruginosa,-0.6707263588905334,1.094722032546997,truth
Ent. faecalis,0.7881593108177185,-0.005032435059547424,truth
E. coli,-0.4214191436767578,-1.6277636289596558,truth
E. coli,-1.4999278783798218,-0.5506582260131836,truth
Ent. faecalis,0.8762232065200806,-0.03556572645902634,truth
Ent. faecalis,0.908611536026001,-0.1433795690536499,truth
P. aeruginosa,-0.4267585575580597,0.9965795278549194,truth
S. aureus,1.5696665048599243,-0.4347412586212158,truth
S. aureus,1.5499672889709473,-0.4050121307373047,truth
Ent. faecalis,0.5474264025688171,0.20840077102184296,truth
P. aeruginosa,-0.4052480459213257,0.6484414935112,truth
Ent. faecalis,0.792382001876831,-0.6137637495994568,truth
S. aureus,1.5349534749984741,-0.2583772540092468,truth
P. aeruginosa,-0.3280165195465088,-0.03754839301109314,truth
E. coli,-1.3510844707489014,-0.4510157108306885,truth
Ent. faecalis,0.9174969792366028,-0.415486216545105,truth
E. coli,-0.8893054127693176,-0.5634692907333374,truth
P. aeruginosa,-0.5692553520202637,0.5592647790908813,prediction
Ent. faecalis,0.9600937366485596,-0.20946979522705078,prediction
Ent. faecalis,0.5838316082954407,-0.13504186272621155,prediction
Ent. faecalis,0.6186309456825256,-0.16034235060214996,prediction
E. coli,-0.5609633326530457,-0.3052861988544464,prediction
P. aeruginosa,-1.000791311264038,0.5022072792053223,prediction
E. coli,-0.8072786331176758,-0.504039466381073,prediction
P. aeruginosa,-0.2607700824737549,0.6465950012207031,prediction
S. aureus,1.3514926433563232,-0.15504470467567444,prediction
Ent. faecalis,0.7007203698158264,-0.0022010132670402527,prediction
E. coli,-1.0157443284988403,-0.3561963737010956,prediction
Ent. faecalis,0.8198633193969727,-0.0021871188655495644,prediction
P. aeruginosa,-0.24271678924560547,0.7929183840751648,prediction
E. coli,-0.6397672891616821,-0.36913609504699707,prediction
Ent. faecalis,0.8739064931869507,0.05752815306186676,prediction
S. aureus,0.4893874526023865,-0.11603975296020508,prediction
P. aeruginosa,-0.7917721271514893,0.5207555890083313,prediction
P. aeruginosa,-1.0489274263381958,0.250438392162323,prediction
P. aeruginosa,-0.7548432350158691,0.15985828638076782,prediction
E. coli,-0.7779552936553955,-0.038856908679008484,prediction
S. aureus,0.9856866598129272,-0.2651088237762451,prediction
E. coli,-1.0964434146881104,-0.4739910960197449,prediction
S. aureus,1.372348427772522,0.14980991184711456,prediction
S. aureus,1.5392582416534424,-0.0863071084022522,prediction
Ent. faecalis,0.5908193588256836,0.07261884212493896,prediction
P. aeruginosa,-0.683259129524231,0.44461506605148315,prediction
E. coli,-1.3072798252105713,-0.32426437735557556,prediction
P. aeruginosa,-0.41871121525764465,0.5128098726272583,prediction
E. coli,-1.1456503868103027,-0.3365640342235565,prediction
Ent. faecalis,1.2306381464004517,-0.10876297950744629,prediction
P. aeruginosa,-0.5495681762695312,0.8084701299667358,prediction
E. coli,-1.2661546468734741,-0.812557578086853,prediction
P. aeruginosa,-0.6922439336776733,0.9271557331085205,prediction
E. coli,-1.364471435546875,-0.5376646518707275,prediction
E. coli,-0.2809503376483917,0.27914950251579285,prediction
E. coli,-0.6754434108734131,0.3978332281112671,prediction
Ent. faecalis,0.36705976724624634,-0.08493336290121078,prediction
E. coli,-1.0074653625488281,-0.7976834177970886,prediction
S. aureus,0.984977662563324,-0.46195992827415466,prediction
E. coli,-0.5831515789031982,-0.26678991317749023,prediction
P. aeruginosa,-0.9337934255599976,-0.0011224448680877686,prediction
E. coli,-0.7073260545730591,-0.7621555328369141,prediction
S. aureus,1.082741618156433,-0.2230936735868454,prediction
E. coli,-0.7575584053993225,-0.45471689105033875,prediction
E. coli,-0.7750356197357178,-0.42338818311691284,prediction
Ent. faecalis,0.7075031995773315,-0.7341061234474182,prediction
E. coli,-1.1355210542678833,-0.254738450050354,prediction
S. aureus,0.8810756206512451,0.11841024458408356,prediction
E. coli,-1.1888582706451416,-0.358240008354187,prediction
E. coli,-0.993158221244812,-0.4880407154560089,prediction
S. aureus,1.150179386138916,0.045593276619911194,prediction
P. aeruginosa,-1.3175365924835205,0.42905735969543457,prediction
E. coli,-0.7036884427070618,-0.30740612745285034,prediction
P. aeruginosa,-1.0462826490402222,-0.10848705470561981,prediction
E. coli,-0.7750523090362549,-0.5275284051895142,prediction
E. coli,-1.1147663593292236,-0.26045772433280945,prediction
S. aureus,1.2801119089126587,0.1004246175289154,prediction
S. aureus,0.9810126423835754,-0.22444596886634827,prediction
S. aureus,1.2366151809692383,-0.2683494985103607,prediction
S. aureus,1.0522799491882324,0.14374658465385437,prediction
S. aureus,1.562410831451416,-0.08517102897167206,prediction
Ent. faecalis,0.829822838306427,0.10253264755010605,prediction
P. aeruginosa,-1.0826318264007568,0.06416180729866028,prediction
P. aeruginosa,-0.349295973777771,0.7759092450141907,prediction
P. aeruginosa,-0.47290268540382385,0.42683640122413635,truth
Ent. faecalis,0.5774766802787781,-0.0055403932929039,truth
Ent. faecalis,0.9707065224647522,0.16886474192142487,truth
Ent. faecalis,0.8090866208076477,-0.5045300126075745,truth
E. coli,-1.1756266355514526,-0.026707328855991364,truth
P. aeruginosa,-0.6959752440452576,0.7432931661605835,truth
E. coli,-1.3524961471557617,-0.7974140644073486,truth
P. aeruginosa,-0.44774970412254333,0.9866026043891907,truth
S. aureus,1.6187156438827515,0.015263088047504425,truth
Ent. faecalis,0.44461971521377563,1.3712241649627686,truth
E. coli,-0.36734580993652344,-1.7815508842468262,truth
Ent. faecalis,0.6957236528396606,-0.7516311407089233,truth
P. aeruginosa,-0.38881370425224304,0.4956064522266388,truth
E. coli,-1.111305832862854,0.5996572971343994,truth
Ent. faecalis,0.7545895576477051,-0.44492486119270325,truth
S. aureus,1.4821524620056152,-0.2166566699743271,truth
P. aeruginosa,-0.5682344436645508,-0.4146803021430969,truth
P. aeruginosa,-0.4881872236728668,0.7364495992660522,truth
P. aeruginosa,-0.35298657417297363,0.5791323184967041,truth
E. coli,-1.011928677558899,-0.9047500491142273,truth
S. aureus,1.7558557987213135,0.20247751474380493,truth
E. coli,-1.2471615076065063,-0.7386751770973206,truth
S. aureus,1.590941309928894,-0.1329648494720459,truth
S. aureus,1.4324936866760254,-0.008320041000843048,truth
Ent. faecalis,0.7583575248718262,-0.2834664285182953,truth
P. aeruginosa,-0.5113452076911926,0.8058154582977295,truth
E. coli,-1.4538319110870361,-0.663250207901001,truth
P. aeruginosa,-0.4527396559715271,0.12401965260505676,truth
E. coli,-1.434995412826538,-0.7578670978546143,truth
Ent. faecalis,0.8123060464859009,-0.2676502466201782,truth
P. aeruginosa,-0.5579200387001038,0.6783310174942017,truth
E. coli,-0.642899751663208,-0.8189144134521484,truth
P. aeruginosa,-0.6918264627456665,0.7432647943496704,truth
E. coli,-1.0672926902770996,-0.3241402804851532,truth
E. coli,-0.2833119034767151,-1.9718711376190186,truth
E. coli,-0.37420713901519775,-1.597001314163208,truth
Ent. faecalis,0.7841116786003113,-0.606154203414917,truth
E. coli,-0.9397693276405334,-0.37078335881233215,truth
S. aureus,1.5443589687347412,-0.09907035529613495,truth
E. coli,-1.2748842239379883,-0.23099063336849213,truth
P. aeruginosa,-0.6629824042320251,0.8871147632598877,truth
E. coli,-1.0609949827194214,-0.08534654229879379,truth
S. aureus,1.4590808153152466,-0.15835453569889069,truth
E. coli,-0.5039403438568115,-1.500612497329712,truth
E. coli,-0.7710992097854614,-1.5006543397903442,truth
Ent. faecalis,0.5221953392028809,-0.08303233236074448,truth
E. coli,-0.8882809281349182,-0.5639001131057739,truth
S. aureus,1.4885039329528809,0.1709529161453247,truth
E. coli,-1.1298847198486328,0.018419474363327026,truth
E. coli,-0.9889732003211975,-0.5161235928535461,truth
S. aureus,1.5124523639678955,-0.38690832257270813,truth
P. aeruginosa,-0.5893309712409973,0.46649134159088135,truth
E. coli,-1.1713544130325317,-1.2681870460510254,truth
P. aeruginosa,-0.5978233814239502,0.41457778215408325,truth
E. coli,-0.8923163414001465,-0.8191779851913452,truth
E. coli,-0.4093618094921112,-1.4947046041488647,truth
S. aureus,1.4942874908447266,-0.23360826075077057,truth
S. aureus,1.4613956212997437,-0.41075003147125244,truth
S. aureus,1.4433889389038086,-0.6398067474365234,truth
S. aureus,1.466059923171997,-0.1978067308664322,truth
S. aureus,1.428445816040039,0.09052661061286926,truth
Ent. faecalis,0.7057353854179382,-0.5091365575790405,truth
P. aeruginosa,-0.5201881527900696,0.32987794280052185,truth
P. aeruginosa,-0.1283596307039261,1.1347588300704956,truth
P. aeruginosa,-0.4959793984889984,0.714824914932251,prediction
S. aureus,1.2503743171691895,-0.0005121082067489624,prediction
S. aureus,1.2523579597473145,-0.3400470018386841,prediction
E. coli,-0.8538159132003784,0.02309255301952362,prediction
S. aureus,0.9999039769172668,0.06324470043182373,prediction
E. coli,-1.0522058010101318,-0.06925421953201294,prediction
S. aureus,1.446749210357666,0.11537589877843857,prediction
E. coli,-1.1763641834259033,-0.29353800415992737,prediction
S. aureus,1.0781046152114868,-0.1337401568889618,prediction
S. aureus,1.5524197816848755,0.34599968791007996,prediction
S. aureus,0.8851149082183838,-0.10926061868667603,prediction
S. aureus,0.5597577095031738,-0.05354747176170349,prediction
Ent. faecalis,0.41836196184158325,-0.010799989104270935,prediction
E. coli,-0.7569170594215393,-0.5165089964866638,prediction
S. aureus,0.30058979988098145,-0.1524338722229004,prediction
P. aeruginosa,-0.8259837031364441,0.14783507585525513,prediction
P. aeruginosa,-0.9779337644577026,0.3581051230430603,prediction
S. aureus,1.5938142538070679,-0.0459904670715332,prediction
E. coli,-0.8894823789596558,-0.7061982154846191,prediction
S. aureus,0.9608896970748901,-0.0590101033449173,prediction
E. coli,-1.0018668174743652,-0.019637465476989746,prediction
E. coli,-0.8451873064041138,-0.13938099145889282,prediction
Ent. faecalis,0.6812409162521362,-0.2410717010498047,prediction
Ent. faecalis,1.1487151384353638,-0.3156656324863434,prediction
E. coli,-0.25145360827445984,-0.4212363362312317,prediction
P. aeruginosa,-1.2962725162506104,0.10770481824874878,prediction
S. aureus,0.9182589650154114,-0.0860736221075058,prediction
S. aureus,1.1239873170852661,0.13367745280265808,prediction
P. aeruginosa,-0.9952340722084045,0.4022989273071289,prediction
Ent. faecalis,0.6080241203308105,-0.06643420457839966,prediction
P. aeruginosa,-0.7056175470352173,0.6279959082603455,prediction
E. coli,-1.2567927837371826,-0.5483132004737854,prediction
P. aeruginosa,-1.0011675357818604,0.2865053415298462,prediction
E. coli,-0.8321758508682251,-0.6962200403213501,prediction
Ent. faecalis,0.9737222790718079,-0.1566847413778305,prediction
S. aureus,1.12494957447052,-0.1761263608932495,prediction
P. aeruginosa,-1.2197669744491577,0.3626687228679657,prediction
S. aureus,1.2033843994140625,0.07813245058059692,prediction
E. coli,-0.8499112725257874,-0.5868585109710693,prediction
E. coli,-1.2151662111282349,-0.8036869764328003,prediction
S. aureus,0.935334324836731,-0.006354182958602905,prediction
S. aureus,1.474899411201477,0.2964085638523102,prediction
S. aureus,1.282621145248413,-0.02854156494140625,prediction
E. coli,-1.3760261535644531,-0.6697283983230591,prediction
E. coli,-0.9661884307861328,-0.6600666046142578,prediction
S. aureus,1.2717441320419312,0.23808133602142334,prediction
E. coli,-0.8921584486961365,-0.08142413944005966,prediction
S. aureus,1.7433300018310547,-0.2351885586977005,prediction
E. coli,-1.518979549407959,-0.5931737422943115,prediction
E. coli,-0.8989497423171997,-0.3044625222682953,prediction
S. aureus,0.8670446872711182,-0.18085166811943054,prediction
Ent. faecalis,1.059330940246582,0.08182062208652496,prediction
P. aeruginosa,-0.9811859130859375,0.18966072797775269,prediction
E. coli,-0.68228679895401,-0.18560053408145905,prediction
P. aeruginosa,-0.8192802667617798,0.27855393290519714,prediction
P. aeruginosa,-0.6270514130592346,0.23965856432914734,prediction
E. coli,-0.8394728899002075,-0.7622032165527344,prediction
Ent. faecalis,0.7643239498138428,-0.03295430541038513,prediction
Ent. faecalis,0.826324462890625,-0.39412397146224976,prediction
S. aureus,0.2628715932369232,-0.05131231248378754,prediction
S. aureus,1.4446580410003662,-0.26476889848709106,prediction
P. aeruginosa,-0.33240148425102234,0.7987685799598694,prediction
S. aureus,1.1748735904693604,0.06193642318248749,prediction
S. aureus,1.2923599481582642,0.15686249732971191,prediction
P. aeruginosa,-0.42729446291923523,0.590316653251648,truth
S. aureus,1.6414004564285278,-0.5393754839897156,truth
S. aureus,1.5479161739349365,-0.3326573371887207,truth
E. coli,-1.2097070217132568,0.11434638500213623,truth
S. aureus,1.2938024997711182,0.48820722103118896,truth
E. coli,-1.0242958068847656,-0.27391937375068665,truth
S. aureus,1.51321280002594,0.23863595724105835,truth
E. coli,-1.3460605144500732,-0.13286364078521729,truth
S. aureus,1.5291316509246826,0.8418341279029846,truth
S. aureus,1.5039310455322266,0.08368931710720062,truth
S. aureus,1.4355003833770752,-0.14053595066070557,truth
S. aureus,1.5049015283584595,0.5022530555725098,truth
Ent. faecalis,0.7336934208869934,-0.6767542958259583,truth
E. coli,-0.9495232701301575,-0.9941325187683105,truth
S. aureus,1.437829613685608,-0.45196396112442017,truth
P. aeruginosa,-0.5499383211135864,0.9113079905509949,truth
P. aeruginosa,-0.32919248938560486,0.5483458638191223,truth
S. aureus,1.5664258003234863,-0.26885688304901123,truth
E. coli,-1.1990782022476196,-0.19473806023597717,truth
S. aureus,1.478695273399353,0.21617069840431213,truth
E. coli,-1.299314022064209,-0.7437463998794556,truth
E. coli,-0.9615675806999207,-0.14808881282806396,truth
Ent. faecalis,0.7083582878112793,-0.5880753993988037,truth
Ent. faecalis,0.8019568920135498,-0.3584740161895752,truth
E. coli,-0.9225412011146545,-0.6108019948005676,truth
P. aeruginosa,-0.6562936902046204,1.1843886375427246,truth
S. aureus,1.488358974456787,-0.621404767036438,truth
S. aureus,1.5385810136795044,0.5551209449768066,truth
P. aeruginosa,-0.6836948394775391,1.3116422891616821,truth
Ent. faecalis,0.5617727637290955,-0.1960105150938034,truth
P. aeruginosa,-0.630407452583313,1.032887578010559,truth
E. coli,-1.272976279258728,-0.2935301661491394,truth
P. aeruginosa,-0.5132138133049011,0.6385190486907959,truth
E. coli,-1.2422001361846924,0.07392250001430511,truth
Ent. faecalis,0.6309106349945068,-0.48180919885635376,truth
S. aureus,1.3783024549484253,-0.163068026304245,truth
P. aeruginosa,-0.5507503747940063,0.9138182401657104,truth
S. aureus,1.4322108030319214,-0.6849604249000549,truth
E. coli,-1.2549939155578613,-0.4748827815055847,truth
E. coli,-0.8674102425575256,-1.2926007509231567,truth
S. aureus,1.420440435409546,-0.3029046058654785,truth
S. aureus,1.329187273979187,-1.1865428686141968,truth
S. aureus,1.5597784519195557,1.3728587627410889,truth
E. coli,-1.3093665838241577,-0.5571876764297485,truth
E. coli,-0.3655518591403961,-1.325129747390747,truth
S. aureus,1.4474961757659912,-0.1863461136817932,truth
E. coli,-1.0024306774139404,-0.1871216893196106,truth
S. aureus,1.4567352533340454,0.9829384088516235,truth
E. coli,-1.2066583633422852,-0.21105125546455383,truth
E. coli,-1.2989137172698975,-0.3566797077655792,truth
S. aureus,1.7043520212173462,-0.3208157420158386,truth
Ent. faecalis,0.7231637239456177,0.19493040442466736,truth
P. aeruginosa,-0.40527427196502686,0.5213244557380676,truth
E. coli,-0.6752389073371887,-1.3520660400390625,truth
P. aeruginosa,-0.52315753698349,1.0506857633590698,truth
P. aeruginosa,-0.6960070729255676,0.41798487305641174,truth
E. coli,-0.9793282747268677,-0.5268058776855469,truth
Ent. faecalis,0.7703909873962402,-0.2943336069583893,truth
Ent. faecalis,0.8619423508644104,-0.43439584970474243,truth
S. aureus,1.6359484195709229,-0.2666813135147095,truth
S. aureus,1.4427982568740845,-0.12961307168006897,truth
P. aeruginosa,-0.6922709345817566,0.9639854431152344,truth
S. aureus,1.4843833446502686,-0.4073948264122009,truth
S. aureus,1.4908533096313477,0.15690019726753235,truth
S. aureus,1.4218966960906982,-0.12403830885887146,prediction
E. coli,-0.9584978222846985,-0.5965010523796082,prediction
E. coli,-1.188225507736206,-0.5240073204040527,prediction
P. aeruginosa,-0.8276559114456177,0.17367848753929138,prediction
P. aeruginosa,-0.5019731521606445,0.7933686971664429,prediction
P. aeruginosa,-0.8546385765075684,0.5632054805755615,prediction
S. aureus,1.281790018081665,-0.3949688971042633,prediction
S. aureus,0.441977322101593,-0.25125834345817566,prediction
E. coli,-0.6937811970710754,-0.1726531684398651,prediction
P. aeruginosa,-0.7504645586013794,0.8162177205085754,prediction
S. aureus,1.3387172222137451,0.03830699622631073,prediction
P. aeruginosa,-0.5124885439872742,0.304996132850647,prediction
Ent. faecalis,0.3833940327167511,-0.37522223591804504,prediction
P. aeruginosa,-0.5882312655448914,0.2955380082130432,prediction
S. aureus,1.1572997570037842,-0.539657473564148,truth
E. coli,-1.315090298652649,-0.3899844288825989,truth
E. coli,-0.37386035919189453,-1.9414764642715454,truth
P. aeruginosa,-0.4857288599014282,0.4336724579334259,truth
P. aeruginosa,-0.5829842686653137,0.8882187604904175,truth
P. aeruginosa,-0.4090242087841034,0.5994200110435486,truth
S. aureus,1.5148345232009888,-0.00946277379989624,truth
S. aureus,1.5061043500900269,-0.3389527499675751,truth
E. coli,-0.9817776679992676,-0.6003839373588562,truth
P. aeruginosa,-0.5040026307106018,0.59147047996521,truth
S. aureus,1.613863468170166,-0.457979679107666,truth
P. aeruginosa,-0.4683288037776947,0.5603196024894714,truth
Ent. faecalis,0.7372037172317505,-0.02250298112630844,truth
P. aeruginosa,-0.4346858263015747,0.5238339900970459,truth
